"alluvium","n","percent","Source","stratum","stratum_ordered"
1,2,0.0137447598103223,"MODIS_IGBP","Cropland/Vegetation","Cropland/Vegetation"
1,2,0.0137447598103223,"Copernicus_LC","Cropland/Vegetation","Cropland/Vegetation"
1,2,0.0137447598103223,"Hansen","Forest","Forest"
2,43,0.29551233592193,"MODIS_IGBP","Cropland/Vegetation","Cropland/Vegetation"
2,43,0.29551233592193,"Copernicus_LC","Cropland/Vegetation","Cropland/Vegetation"
2,43,0.29551233592193,"Hansen","Non-forest","Non-forest"
3,95,0.65287609099031,"MODIS_IGBP","Cropland/Vegetation","Cropland/Vegetation"
3,95,0.65287609099031,"Copernicus_LC","Cropland/Vegetation","Cropland/Vegetation"
3,95,0.65287609099031,"Hansen","Woody Vegetation","Woody Vegetation"
4,27,0.185554257439351,"MODIS_IGBP","Cropland/Vegetation","Cropland/Vegetation"
4,27,0.185554257439351,"Copernicus_LC","Forest","Forest"
4,27,0.185554257439351,"Hansen","Forest","Forest"
5,4,0.0274895196206446,"MODIS_IGBP","Cropland/Vegetation","Cropland/Vegetation"
5,4,0.0274895196206446,"Copernicus_LC","Forest","Forest"
5,4,0.0274895196206446,"Hansen","Non-forest","Non-forest"
6,113,0.776578929283211,"MODIS_IGBP","Cropland/Vegetation","Cropland/Vegetation"
6,113,0.776578929283211,"Copernicus_LC","Forest","Forest"
6,113,0.776578929283211,"Hansen","Woody Vegetation","Woody Vegetation"
7,3,0.0206171397154835,"MODIS_IGBP","Cropland/Vegetation","Cropland/Vegetation"
7,3,0.0206171397154835,"Copernicus_LC","Grassland","Grassland"
7,3,0.0206171397154835,"Hansen","Forest","Forest"
8,7,0.0481066593361281,"MODIS_IGBP","Cropland/Vegetation","Cropland/Vegetation"
8,7,0.0481066593361281,"Copernicus_LC","Grassland","Grassland"
8,7,0.0481066593361281,"Hansen","Non-forest","Non-forest"
9,9,0.0618514191464504,"MODIS_IGBP","Cropland/Vegetation","Cropland/Vegetation"
9,9,0.0618514191464504,"Copernicus_LC","Grassland","Grassland"
9,9,0.0618514191464504,"Hansen","Woody Vegetation","Woody Vegetation"
10,15,0.103085698577417,"MODIS_IGBP","Cropland/Vegetation","Cropland/Vegetation"
10,15,0.103085698577417,"Copernicus_LC","Urban/Built-up","Urban/Built-up"
10,15,0.103085698577417,"Hansen","Non-forest","Non-forest"
11,25,0.171809497629029,"MODIS_IGBP","Cropland/Vegetation","Cropland/Vegetation"
11,25,0.171809497629029,"Copernicus_LC","Urban/Built-up","Urban/Built-up"
11,25,0.171809497629029,"Hansen","Woody Vegetation","Woody Vegetation"
12,1,0.00687237990516116,"MODIS_IGBP","Cropland/Vegetation","Cropland/Vegetation"
12,1,0.00687237990516116,"Copernicus_LC","Woody Vegetation","Woody Vegetation"
12,1,0.00687237990516116,"Hansen","Forest","Forest"
13,2,0.0137447598103223,"MODIS_IGBP","Cropland/Vegetation","Cropland/Vegetation"
13,2,0.0137447598103223,"Copernicus_LC","Woody Vegetation","Woody Vegetation"
13,2,0.0137447598103223,"Hansen","Non-forest","Non-forest"
14,35,0.24053329668064,"MODIS_IGBP","Cropland/Vegetation","Cropland/Vegetation"
14,35,0.24053329668064,"Copernicus_LC","Woody Vegetation","Woody Vegetation"
14,35,0.24053329668064,"Hansen","Woody Vegetation","Woody Vegetation"
15,8,0.0549790392412893,"MODIS_IGBP","Forest","Forest"
15,8,0.0549790392412893,"Copernicus_LC","Cropland/Vegetation","Cropland/Vegetation"
15,8,0.0549790392412893,"Hansen","Forest","Forest"
16,1,0.00687237990516116,"MODIS_IGBP","Forest","Forest"
16,1,0.00687237990516116,"Copernicus_LC","Cropland/Vegetation","Cropland/Vegetation"
16,1,0.00687237990516116,"Hansen","Woody Vegetation","Woody Vegetation"
17,7383,50.7387808398048,"MODIS_IGBP","Forest","Forest"
17,7383,50.7387808398048,"Copernicus_LC","Forest","Forest"
17,7383,50.7387808398048,"Hansen","Forest","Forest"
18,12,0.0824685588619339,"MODIS_IGBP","Forest","Forest"
18,12,0.0824685588619339,"Copernicus_LC","Forest","Forest"
18,12,0.0824685588619339,"Hansen","Non-forest","Non-forest"
19,737,5.06494399010377,"MODIS_IGBP","Forest","Forest"
19,737,5.06494399010377,"Copernicus_LC","Forest","Forest"
19,737,5.06494399010377,"Hansen","Woody Vegetation","Woody Vegetation"
20,2,0.0137447598103223,"MODIS_IGBP","Forest","Forest"
20,2,0.0137447598103223,"Copernicus_LC","Urban/Built-up","Urban/Built-up"
20,2,0.0137447598103223,"Hansen","Forest","Forest"
21,1,0.00687237990516116,"MODIS_IGBP","Forest","Forest"
21,1,0.00687237990516116,"Copernicus_LC","Urban/Built-up","Urban/Built-up"
21,1,0.00687237990516116,"Hansen","Non-forest","Non-forest"
22,11,0.0755961789567727,"MODIS_IGBP","Forest","Forest"
22,11,0.0755961789567727,"Copernicus_LC","Urban/Built-up","Urban/Built-up"
22,11,0.0755961789567727,"Hansen","Woody Vegetation","Woody Vegetation"
23,4,0.0274895196206446,"MODIS_IGBP","Forest","Forest"
23,4,0.0274895196206446,"Copernicus_LC","Water/Wetland/Ice","Water/Wetland/Ice"
23,4,0.0274895196206446,"Hansen","Forest","Forest"
24,2,0.0137447598103223,"MODIS_IGBP","Forest","Forest"
24,2,0.0137447598103223,"Copernicus_LC","Water/Wetland/Ice","Water/Wetland/Ice"
24,2,0.0137447598103223,"Hansen","Woody Vegetation","Woody Vegetation"
25,2,0.0137447598103223,"MODIS_IGBP","Forest","Forest"
25,2,0.0137447598103223,"Copernicus_LC","Woody Vegetation","Woody Vegetation"
25,2,0.0137447598103223,"Hansen","Forest","Forest"
26,4,0.0274895196206446,"MODIS_IGBP","Forest","Forest"
26,4,0.0274895196206446,"Copernicus_LC","Woody Vegetation","Woody Vegetation"
26,4,0.0274895196206446,"Hansen","Woody Vegetation","Woody Vegetation"
27,3,0.0206171397154835,"MODIS_IGBP","Grassland","Grassland"
27,3,0.0206171397154835,"Copernicus_LC","Cropland/Vegetation","Cropland/Vegetation"
27,3,0.0206171397154835,"Hansen","Forest","Forest"
28,2,0.0137447598103223,"MODIS_IGBP","Grassland","Grassland"
28,2,0.0137447598103223,"Copernicus_LC","Cropland/Vegetation","Cropland/Vegetation"
28,2,0.0137447598103223,"Hansen","Non-forest","Non-forest"
29,13,0.089340938767095,"MODIS_IGBP","Grassland","Grassland"
29,13,0.089340938767095,"Copernicus_LC","Cropland/Vegetation","Cropland/Vegetation"
29,13,0.089340938767095,"Hansen","Woody Vegetation","Woody Vegetation"
30,24,0.164937117723868,"MODIS_IGBP","Grassland","Grassland"
30,24,0.164937117723868,"Copernicus_LC","Forest","Forest"
30,24,0.164937117723868,"Hansen","Forest","Forest"
31,44,0.302384715827091,"MODIS_IGBP","Grassland","Grassland"
31,44,0.302384715827091,"Copernicus_LC","Forest","Forest"
31,44,0.302384715827091,"Hansen","Woody Vegetation","Woody Vegetation"
32,1,0.00687237990516116,"MODIS_IGBP","Grassland","Grassland"
32,1,0.00687237990516116,"Copernicus_LC","Grassland","Grassland"
32,1,0.00687237990516116,"Hansen","Forest","Forest"
33,3,0.0206171397154835,"MODIS_IGBP","Grassland","Grassland"
33,3,0.0206171397154835,"Copernicus_LC","Grassland","Grassland"
33,3,0.0206171397154835,"Hansen","Non-forest","Non-forest"
34,15,0.103085698577417,"MODIS_IGBP","Grassland","Grassland"
34,15,0.103085698577417,"Copernicus_LC","Grassland","Grassland"
34,15,0.103085698577417,"Hansen","Woody Vegetation","Woody Vegetation"
35,8,0.0549790392412893,"MODIS_IGBP","Grassland","Grassland"
35,8,0.0549790392412893,"Copernicus_LC","Urban/Built-up","Urban/Built-up"
35,8,0.0549790392412893,"Hansen","Woody Vegetation","Woody Vegetation"
36,2,0.0137447598103223,"MODIS_IGBP","Grassland","Grassland"
36,2,0.0137447598103223,"Copernicus_LC","Water/Wetland/Ice","Water/Wetland/Ice"
36,2,0.0137447598103223,"Hansen","Woody Vegetation","Woody Vegetation"
37,3,0.0206171397154835,"MODIS_IGBP","Grassland","Grassland"
37,3,0.0206171397154835,"Copernicus_LC","Woody Vegetation","Woody Vegetation"
37,3,0.0206171397154835,"Hansen","Woody Vegetation","Woody Vegetation"
38,1,0.00687237990516116,"MODIS_IGBP","Urban/Built-up","Urban/Built-up"
38,1,0.00687237990516116,"Copernicus_LC","Barren/Sparse","Barren/Sparse"
38,1,0.00687237990516116,"Hansen","Woody Vegetation","Woody Vegetation"
39,1,0.00687237990516116,"MODIS_IGBP","Urban/Built-up","Urban/Built-up"
39,1,0.00687237990516116,"Copernicus_LC","Cropland/Vegetation","Cropland/Vegetation"
39,1,0.00687237990516116,"Hansen","Non-forest","Non-forest"
40,8,0.0549790392412893,"MODIS_IGBP","Urban/Built-up","Urban/Built-up"
40,8,0.0549790392412893,"Copernicus_LC","Cropland/Vegetation","Cropland/Vegetation"
40,8,0.0549790392412893,"Hansen","Woody Vegetation","Woody Vegetation"
41,42,0.288639956016769,"MODIS_IGBP","Urban/Built-up","Urban/Built-up"
41,42,0.288639956016769,"Copernicus_LC","Forest","Forest"
41,42,0.288639956016769,"Hansen","Forest","Forest"
42,81,0.556662772318054,"MODIS_IGBP","Urban/Built-up","Urban/Built-up"
42,81,0.556662772318054,"Copernicus_LC","Forest","Forest"
42,81,0.556662772318054,"Hansen","Woody Vegetation","Woody Vegetation"
43,1,0.00687237990516116,"MODIS_IGBP","Urban/Built-up","Urban/Built-up"
43,1,0.00687237990516116,"Copernicus_LC","Grassland","Grassland"
43,1,0.00687237990516116,"Hansen","Non-forest","Non-forest"
44,5,0.0343618995258058,"MODIS_IGBP","Urban/Built-up","Urban/Built-up"
44,5,0.0343618995258058,"Copernicus_LC","Grassland","Grassland"
44,5,0.0343618995258058,"Hansen","Woody Vegetation","Woody Vegetation"
45,6,0.0412342794309669,"MODIS_IGBP","Urban/Built-up","Urban/Built-up"
45,6,0.0412342794309669,"Copernicus_LC","Urban/Built-up","Urban/Built-up"
45,6,0.0412342794309669,"Hansen","Forest","Forest"
46,54,0.371108514878703,"MODIS_IGBP","Urban/Built-up","Urban/Built-up"
46,54,0.371108514878703,"Copernicus_LC","Urban/Built-up","Urban/Built-up"
46,54,0.371108514878703,"Hansen","Non-forest","Non-forest"
47,168,1.15455982406707,"MODIS_IGBP","Urban/Built-up","Urban/Built-up"
47,168,1.15455982406707,"Copernicus_LC","Urban/Built-up","Urban/Built-up"
47,168,1.15455982406707,"Hansen","Woody Vegetation","Woody Vegetation"
48,5,0.0343618995258058,"MODIS_IGBP","Urban/Built-up","Urban/Built-up"
48,5,0.0343618995258058,"Copernicus_LC","Water/Wetland/Ice","Water/Wetland/Ice"
48,5,0.0343618995258058,"Hansen","Non-forest","Non-forest"
49,2,0.0137447598103223,"MODIS_IGBP","Urban/Built-up","Urban/Built-up"
49,2,0.0137447598103223,"Copernicus_LC","Water/Wetland/Ice","Water/Wetland/Ice"
49,2,0.0137447598103223,"Hansen","Woody Vegetation","Woody Vegetation"
50,5,0.0343618995258058,"MODIS_IGBP","Urban/Built-up","Urban/Built-up"
50,5,0.0343618995258058,"Copernicus_LC","Woody Vegetation","Woody Vegetation"
50,5,0.0343618995258058,"Hansen","Non-forest","Non-forest"
51,10,0.0687237990516116,"MODIS_IGBP","Urban/Built-up","Urban/Built-up"
51,10,0.0687237990516116,"Copernicus_LC","Woody Vegetation","Woody Vegetation"
51,10,0.0687237990516116,"Hansen","Woody Vegetation","Woody Vegetation"
52,48,0.329874235447736,"MODIS_IGBP","Water/Wetland/Ice","Water/Wetland/Ice"
52,48,0.329874235447736,"Copernicus_LC","Forest","Forest"
52,48,0.329874235447736,"Hansen","Forest","Forest"
53,1,0.00687237990516116,"MODIS_IGBP","Water/Wetland/Ice","Water/Wetland/Ice"
53,1,0.00687237990516116,"Copernicus_LC","Forest","Forest"
53,1,0.00687237990516116,"Hansen","Non-forest","Non-forest"
54,23,0.158064737818707,"MODIS_IGBP","Water/Wetland/Ice","Water/Wetland/Ice"
54,23,0.158064737818707,"Copernicus_LC","Forest","Forest"
54,23,0.158064737818707,"Hansen","Woody Vegetation","Woody Vegetation"
55,3,0.0206171397154835,"MODIS_IGBP","Water/Wetland/Ice","Water/Wetland/Ice"
55,3,0.0206171397154835,"Copernicus_LC","Grassland","Grassland"
55,3,0.0206171397154835,"Hansen","Non-forest","Non-forest"
56,8,0.0549790392412893,"MODIS_IGBP","Water/Wetland/Ice","Water/Wetland/Ice"
56,8,0.0549790392412893,"Copernicus_LC","Grassland","Grassland"
56,8,0.0549790392412893,"Hansen","Woody Vegetation","Woody Vegetation"
57,2,0.0137447598103223,"MODIS_IGBP","Water/Wetland/Ice","Water/Wetland/Ice"
57,2,0.0137447598103223,"Copernicus_LC","Urban/Built-up","Urban/Built-up"
57,2,0.0137447598103223,"Hansen","Non-forest","Non-forest"
58,5,0.0343618995258058,"MODIS_IGBP","Water/Wetland/Ice","Water/Wetland/Ice"
58,5,0.0343618995258058,"Copernicus_LC","Urban/Built-up","Urban/Built-up"
58,5,0.0343618995258058,"Hansen","Woody Vegetation","Woody Vegetation"
59,8,0.0549790392412893,"MODIS_IGBP","Water/Wetland/Ice","Water/Wetland/Ice"
59,8,0.0549790392412893,"Copernicus_LC","Water/Wetland/Ice","Water/Wetland/Ice"
59,8,0.0549790392412893,"Hansen","Forest","Forest"
60,1,0.00687237990516116,"MODIS_IGBP","Water/Wetland/Ice","Water/Wetland/Ice"
60,1,0.00687237990516116,"Copernicus_LC","Water/Wetland/Ice","Water/Wetland/Ice"
60,1,0.00687237990516116,"Hansen","Non-forest","Non-forest"
61,5,0.0343618995258058,"MODIS_IGBP","Water/Wetland/Ice","Water/Wetland/Ice"
61,5,0.0343618995258058,"Copernicus_LC","Water/Wetland/Ice","Water/Wetland/Ice"
61,5,0.0343618995258058,"Hansen","Woody Vegetation","Woody Vegetation"
62,1,0.00687237990516116,"MODIS_IGBP","Water/Wetland/Ice","Water/Wetland/Ice"
62,1,0.00687237990516116,"Copernicus_LC","Woody Vegetation","Woody Vegetation"
62,1,0.00687237990516116,"Hansen","Non-forest","Non-forest"
63,6,0.0412342794309669,"MODIS_IGBP","Water/Wetland/Ice","Water/Wetland/Ice"
63,6,0.0412342794309669,"Copernicus_LC","Woody Vegetation","Woody Vegetation"
63,6,0.0412342794309669,"Hansen","Woody Vegetation","Woody Vegetation"
64,5,0.0343618995258058,"MODIS_IGBP","Woody Vegetation","Woody Vegetation"
64,5,0.0343618995258058,"Copernicus_LC","Cropland/Vegetation","Cropland/Vegetation"
64,5,0.0343618995258058,"Hansen","Forest","Forest"
65,34,0.233660916775479,"MODIS_IGBP","Woody Vegetation","Woody Vegetation"
65,34,0.233660916775479,"Copernicus_LC","Cropland/Vegetation","Cropland/Vegetation"
65,34,0.233660916775479,"Hansen","Non-forest","Non-forest"
66,173,1.18892172359288,"MODIS_IGBP","Woody Vegetation","Woody Vegetation"
66,173,1.18892172359288,"Copernicus_LC","Cropland/Vegetation","Cropland/Vegetation"
66,173,1.18892172359288,"Hansen","Woody Vegetation","Woody Vegetation"
67,2934,20.1635626417428,"MODIS_IGBP","Woody Vegetation","Woody Vegetation"
67,2934,20.1635626417428,"Copernicus_LC","Forest","Forest"
67,2934,20.1635626417428,"Hansen","Forest","Forest"
68,93,0.639131331179988,"MODIS_IGBP","Woody Vegetation","Woody Vegetation"
68,93,0.639131331179988,"Copernicus_LC","Forest","Forest"
68,93,0.639131331179988,"Hansen","Non-forest","Non-forest"
69,1856,12.7551371039791,"MODIS_IGBP","Woody Vegetation","Woody Vegetation"
69,1856,12.7551371039791,"Copernicus_LC","Forest","Forest"
69,1856,12.7551371039791,"Hansen","Woody Vegetation","Woody Vegetation"
70,1,0.00687237990516116,"MODIS_IGBP","Woody Vegetation","Woody Vegetation"
70,1,0.00687237990516116,"Copernicus_LC","Grassland","Grassland"
70,1,0.00687237990516116,"Hansen","Forest","Forest"
71,7,0.0481066593361281,"MODIS_IGBP","Woody Vegetation","Woody Vegetation"
71,7,0.0481066593361281,"Copernicus_LC","Grassland","Grassland"
71,7,0.0481066593361281,"Hansen","Non-forest","Non-forest"
72,30,0.206171397154835,"MODIS_IGBP","Woody Vegetation","Woody Vegetation"
72,30,0.206171397154835,"Copernicus_LC","Grassland","Grassland"
72,30,0.206171397154835,"Hansen","Woody Vegetation","Woody Vegetation"
73,2,0.0137447598103223,"MODIS_IGBP","Woody Vegetation","Woody Vegetation"
73,2,0.0137447598103223,"Copernicus_LC","Urban/Built-up","Urban/Built-up"
73,2,0.0137447598103223,"Hansen","Forest","Forest"
74,22,0.151192357913545,"MODIS_IGBP","Woody Vegetation","Woody Vegetation"
74,22,0.151192357913545,"Copernicus_LC","Urban/Built-up","Urban/Built-up"
74,22,0.151192357913545,"Hansen","Non-forest","Non-forest"
75,172,1.18204934368772,"MODIS_IGBP","Woody Vegetation","Woody Vegetation"
75,172,1.18204934368772,"Copernicus_LC","Urban/Built-up","Urban/Built-up"
75,172,1.18204934368772,"Hansen","Woody Vegetation","Woody Vegetation"
76,1,0.00687237990516116,"MODIS_IGBP","Woody Vegetation","Woody Vegetation"
76,1,0.00687237990516116,"Copernicus_LC","Water/Wetland/Ice","Water/Wetland/Ice"
76,1,0.00687237990516116,"Hansen","Non-forest","Non-forest"
77,4,0.0274895196206446,"MODIS_IGBP","Woody Vegetation","Woody Vegetation"
77,4,0.0274895196206446,"Copernicus_LC","Woody Vegetation","Woody Vegetation"
77,4,0.0274895196206446,"Hansen","Forest","Forest"
78,3,0.0206171397154835,"MODIS_IGBP","Woody Vegetation","Woody Vegetation"
78,3,0.0206171397154835,"Copernicus_LC","Woody Vegetation","Woody Vegetation"
78,3,0.0206171397154835,"Hansen","Non-forest","Non-forest"
79,48,0.329874235447736,"MODIS_IGBP","Woody Vegetation","Woody Vegetation"
79,48,0.329874235447736,"Copernicus_LC","Woody Vegetation","Woody Vegetation"
79,48,0.329874235447736,"Hansen","Woody Vegetation","Woody Vegetation"
1,2,0.0137447598103223,"Unified","Forest","Forest"
2,43,0.29551233592193,"Unified","Cropland/Vegetation","Cropland/Vegetation"
3,95,0.65287609099031,"Unified","Woody Vegetation","Woody Vegetation"
4,27,0.185554257439351,"Unified","Forest","Forest"
5,4,0.0274895196206446,"Unified","Forest","Forest"
6,113,0.776578929283211,"Unified","Forest","Forest"
7,3,0.0206171397154835,"Unified","Forest","Forest"
8,7,0.0481066593361281,"Unified","Grassland","Grassland"
9,9,0.0618514191464504,"Unified","Woody Vegetation","Woody Vegetation"
10,15,0.103085698577417,"Unified","Cropland/Vegetation","Cropland/Vegetation"
11,25,0.171809497629029,"Unified","Woody Vegetation","Woody Vegetation"
12,1,0.00687237990516116,"Unified","Forest","Forest"
13,2,0.0137447598103223,"Unified","Woody Vegetation","Woody Vegetation"
14,35,0.24053329668064,"Unified","Woody Vegetation","Woody Vegetation"
15,8,0.0549790392412893,"Unified","Forest","Forest"
16,1,0.00687237990516116,"Unified","Forest","Forest"
17,7383,50.7387808398048,"Unified","Forest","Forest"
18,12,0.0824685588619339,"Unified","Forest","Forest"
19,737,5.06494399010377,"Unified","Forest","Forest"
20,2,0.0137447598103223,"Unified","Forest","Forest"
21,1,0.00687237990516116,"Unified","Forest","Forest"
22,11,0.0755961789567727,"Unified","Forest","Forest"
23,4,0.0274895196206446,"Unified","Forest","Forest"
24,2,0.0137447598103223,"Unified","Forest","Forest"
25,2,0.0137447598103223,"Unified","Forest","Forest"
26,4,0.0274895196206446,"Unified","Forest","Forest"
27,3,0.0206171397154835,"Unified","Forest","Forest"
28,2,0.0137447598103223,"Unified","Grassland","Grassland"
29,13,0.089340938767095,"Unified","Woody Vegetation","Woody Vegetation"
30,24,0.164937117723868,"Unified","Forest","Forest"
31,44,0.302384715827091,"Unified","Forest","Forest"
32,1,0.00687237990516116,"Unified","Forest","Forest"
33,3,0.0206171397154835,"Unified","Grassland","Grassland"
34,15,0.103085698577417,"Unified","Woody Vegetation","Woody Vegetation"
35,8,0.0549790392412893,"Unified","Woody Vegetation","Woody Vegetation"
36,2,0.0137447598103223,"Unified","Woody Vegetation","Woody Vegetation"
37,3,0.0206171397154835,"Unified","Woody Vegetation","Woody Vegetation"
38,1,0.00687237990516116,"Unified","Woody Vegetation","Woody Vegetation"
39,1,0.00687237990516116,"Unified","Cropland/Vegetation","Cropland/Vegetation"
40,8,0.0549790392412893,"Unified","Woody Vegetation","Woody Vegetation"
41,42,0.288639956016769,"Unified","Forest","Forest"
42,81,0.556662772318054,"Unified","Forest","Forest"
43,1,0.00687237990516116,"Unified","Grassland","Grassland"
44,5,0.0343618995258058,"Unified","Woody Vegetation","Woody Vegetation"
45,6,0.0412342794309669,"Unified","Forest","Forest"
46,54,0.371108514878703,"Unified","Urban/Built-up","Urban/Built-up"
47,168,1.15455982406707,"Unified","Woody Vegetation","Woody Vegetation"
48,5,0.0343618995258058,"Unified","Urban/Built-up","Urban/Built-up"
49,2,0.0137447598103223,"Unified","Woody Vegetation","Woody Vegetation"
50,5,0.0343618995258058,"Unified","Woody Vegetation","Woody Vegetation"
51,10,0.0687237990516116,"Unified","Woody Vegetation","Woody Vegetation"
52,48,0.329874235447736,"Unified","Forest","Forest"
53,1,0.00687237990516116,"Unified","Forest","Forest"
54,23,0.158064737818707,"Unified","Forest","Forest"
55,3,0.0206171397154835,"Unified","Grassland","Grassland"
56,8,0.0549790392412893,"Unified","Woody Vegetation","Woody Vegetation"
57,2,0.0137447598103223,"Unified","Urban/Built-up","Urban/Built-up"
58,5,0.0343618995258058,"Unified","Woody Vegetation","Woody Vegetation"
59,8,0.0549790392412893,"Unified","Forest","Forest"
60,1,0.00687237990516116,"Unified","Water/Wetland/Ice","Water/Wetland/Ice"
61,5,0.0343618995258058,"Unified","Woody Vegetation","Woody Vegetation"
62,1,0.00687237990516116,"Unified","Woody Vegetation","Woody Vegetation"
63,6,0.0412342794309669,"Unified","Woody Vegetation","Woody Vegetation"
64,5,0.0343618995258058,"Unified","Forest","Forest"
65,34,0.233660916775479,"Unified","Woody Vegetation","Woody Vegetation"
66,173,1.18892172359288,"Unified","Woody Vegetation","Woody Vegetation"
67,2934,20.1635626417428,"Unified","Forest","Forest"
68,93,0.639131331179988,"Unified","Forest","Forest"
69,1856,12.7551371039791,"Unified","Forest","Forest"
70,1,0.00687237990516116,"Unified","Forest","Forest"
71,7,0.0481066593361281,"Unified","Woody Vegetation","Woody Vegetation"
72,30,0.206171397154835,"Unified","Woody Vegetation","Woody Vegetation"
73,2,0.0137447598103223,"Unified","Forest","Forest"
74,22,0.151192357913545,"Unified","Woody Vegetation","Woody Vegetation"
75,172,1.18204934368772,"Unified","Woody Vegetation","Woody Vegetation"
76,1,0.00687237990516116,"Unified","Woody Vegetation","Woody Vegetation"
77,4,0.0274895196206446,"Unified","Forest","Forest"
78,3,0.0206171397154835,"Unified","Woody Vegetation","Woody Vegetation"
79,48,0.329874235447736,"Unified","Woody Vegetation","Woody Vegetation"
